"","id","Image","Hurricane","LineStrg","On Line","Lines","value","DamageC","OnLine"
"1",8329,"I1","H3","A","Off","1","Equal damage",0,1
"2",8263,"I1","H3","A","Off","1","B",0,1
"3",8372,"I1","H3","A","Off","1","A",1,1
"4",6767,"I1","H3","A","Off","1","A",1,1
"5",8519,"I1","H3","A","Off","1","B",0,1
"6",8281,"I1","H3","A","Off","1","A",1,1
"7",5971,"I1","H3","A","Off","1","B",0,1
"8",8554,"I1","H3","A","Off","1","B",0,1
"9",8536,"I1","H3","A","Off","1","A",1,1
"10",8108,"I1","H3","A","Off","1","Equal damage",0,1
"11",5766,"I1","H3","A","Off","1","Equal damage",0,1
"12",8556,"I1","H3","A","Off","1","B",0,1
"13",8103,"I1","H3","A","Off","1","B",0,1
"14",6402,"I1","H3","A","Off","1","B",0,1
"15",8312,"I1","H3","A","Off","1","Equal damage",0,1
"16",7699,"I1","H3","A","Off","1","A",1,1
"17",8577,"I1","H3","A","Off","1","A",1,1
"18",6035,"I1","H3","A","Off","1","A",1,1
"19",8404,"I1","H3","A","Off","1","Equal damage",0,1
"20",8290,"I1","H3","A","Off","1","B",0,1
"21",8470,"I1","H3","A","Off","1","B",0,1
"22",6781,"I1","H3","A","Off","1","A",1,1
"23",8446,"I1","H3","A","Off","1","Equal damage",0,1
"24",8659,"I1","H3","A","Off","1","B",0,1
"25",8361,"I1","H3","A","Off","1","Equal damage",0,1
"26",8654,"I1","H3","A","Off","1","Equal damage",0,1
"27",8350,"I1","H3","A","Off","1","B",0,1
"28",8393,"I1","H3","A","Off","1","B",0,1
"29",7548,"I1","H3","A","Off","1","A",1,1
"30",5927,"I1","H3","A","Off","1","Equal damage",0,1
"31",8389,"I1","H3","A","Off","1","B",0,1
"32",8328,"I1","H3","A","Off","1","A",1,1
"33",8216,"I1","H3","A","Off","1","B",0,1
"34",8552,"I1","H3","A","Off","1","B",0,1
"35",6942,"I1","H3","A","Off","1","B",0,1
"36",NA,"I1","H3","A","Off","1","",0,1
"37",8329,"I2","H3","B","Off","1","Equal damage",0,1
"38",8263,"I2","H3","B","Off","1","Equal damage",0,1
"39",8372,"I2","H3","B","Off","1","B",1,1
"40",6767,"I2","H3","B","Off","1","B",1,1
"41",8519,"I2","H3","B","Off","1","A",0,1
"42",8281,"I2","H3","B","Off","1","B",1,1
"43",5971,"I2","H3","B","Off","1","A",0,1
"44",8554,"I2","H3","B","Off","1","A",0,1
"45",8536,"I2","H3","B","Off","1","B",1,1
"46",8108,"I2","H3","B","Off","1","Equal damage",0,1
"47",5766,"I2","H3","B","Off","1","Equal damage",0,1
"48",8556,"I2","H3","B","Off","1","A",0,1
"49",8103,"I2","H3","B","Off","1","Equal damage",0,1
"50",6402,"I2","H3","B","Off","1","A",0,1
"51",8312,"I2","H3","B","Off","1","B",1,1
"52",7699,"I2","H3","B","Off","1","B",1,1
"53",8577,"I2","H3","B","Off","1","B",1,1
"54",6035,"I2","H3","B","Off","1","B",1,1
"55",8404,"I2","H3","B","Off","1","Equal damage",0,1
"56",8290,"I2","H3","B","Off","1","A",0,1
"57",8470,"I2","H3","B","Off","1","A",0,1
"58",6781,"I2","H3","B","Off","1","B",1,1
"59",8446,"I2","H3","B","Off","1","Equal damage",0,1
"60",8659,"I2","H3","B","Off","1","B",1,1
"61",8361,"I2","H3","B","Off","1","B",1,1
"62",8654,"I2","H3","B","Off","1","Equal damage",0,1
"63",8350,"I2","H3","B","Off","1","A",0,1
"64",8393,"I2","H3","B","Off","1","A",0,1
"65",7548,"I2","H3","B","Off","1","B",1,1
"66",5927,"I2","H3","B","Off","1","Equal damage",0,1
"67",8389,"I2","H3","B","Off","1","Equal damage",0,1
"68",8328,"I2","H3","B","Off","1","B",1,1
"69",8216,"I2","H3","B","Off","1","A",0,1
"70",8552,"I2","H3","B","Off","1","A",0,1
"71",6942,"I2","H3","B","Off","1","A",0,1
"72",NA,"I2","H3","B","Off","1","",0,1
"73",8329,"I3","H3","A","Off","1","B",0,1
"74",8263,"I3","H3","A","Off","1","B",0,1
"75",8372,"I3","H3","A","Off","1","A",1,1
"76",6767,"I3","H3","A","Off","1","A",1,1
"77",8519,"I3","H3","A","Off","1","B",0,1
"78",8281,"I3","H3","A","Off","1","A",1,1
"79",5971,"I3","H3","A","Off","1","B",0,1
"80",8554,"I3","H3","A","Off","1","B",0,1
"81",8536,"I3","H3","A","Off","1","A",1,1
"82",8108,"I3","H3","A","Off","1","Equal damage",0,1
"83",5766,"I3","H3","A","Off","1","A",1,1
"84",8556,"I3","H3","A","Off","1","B",0,1
"85",8103,"I3","H3","A","Off","1","B",0,1
"86",6402,"I3","H3","A","Off","1","B",0,1
"87",8312,"I3","H3","A","Off","1","Equal damage",0,1
"88",7699,"I3","H3","A","Off","1","Equal damage",0,1
"89",8577,"I3","H3","A","Off","1","A",1,1
"90",6035,"I3","H3","A","Off","1","A",1,1
"91",8404,"I3","H3","A","Off","1","Equal damage",0,1
"92",8290,"I3","H3","A","Off","1","B",0,1
"93",8470,"I3","H3","A","Off","1","B",0,1
"94",6781,"I3","H3","A","Off","1","A",1,1
"95",8446,"I3","H3","A","Off","1","A",1,1
"96",8659,"I3","H3","A","Off","1","B",0,1
"97",8361,"I3","H3","A","Off","1","Equal damage",0,1
"98",8654,"I3","H3","A","Off","1","Equal damage",0,1
"99",8350,"I3","H3","A","Off","1","B",0,1
"100",8393,"I3","H3","A","Off","1","B",0,1
"101",7548,"I3","H3","A","Off","1","Equal damage",0,1
"102",5927,"I3","H3","A","Off","1","B",0,1
"103",8389,"I3","H3","A","Off","1","Equal damage",0,1
"104",8328,"I3","H3","A","Off","1","A",1,1
"105",8216,"I3","H3","A","Off","1","B",0,1
"106",8552,"I3","H3","A","Off","1","B",0,1
"107",6942,"I3","H3","A","Off","1","B",0,1
"108",NA,"I3","H3","A","Off","1","",0,1
"109",8329,"I4","H3","B","Off","1","Equal damage",0,1
"110",8263,"I4","H3","B","Off","1","A",0,1
"111",8372,"I4","H3","B","Off","1","B",1,1
"112",6767,"I4","H3","B","Off","1","B",1,1
"113",8519,"I4","H3","B","Off","1","A",0,1
"114",8281,"I4","H3","B","Off","1","B",1,1
"115",5971,"I4","H3","B","Off","1","A",0,1
"116",8554,"I4","H3","B","Off","1","A",0,1
"117",8536,"I4","H3","B","Off","1","B",1,1
"118",8108,"I4","H3","B","Off","1","B",1,1
"119",5766,"I4","H3","B","Off","1","Equal damage",0,1
"120",8556,"I4","H3","B","Off","1","A",0,1
"121",8103,"I4","H3","B","Off","1","A",0,1
"122",6402,"I4","H3","B","Off","1","A",0,1
"123",8312,"I4","H3","B","Off","1","B",1,1
"124",7699,"I4","H3","B","Off","1","B",1,1
"125",8577,"I4","H3","B","Off","1","B",1,1
"126",6035,"I4","H3","B","Off","1","Equal damage",0,1
"127",8404,"I4","H3","B","Off","1","Equal damage",0,1
"128",8290,"I4","H3","B","Off","1","A",0,1
"129",8470,"I4","H3","B","Off","1","A",0,1
"130",6781,"I4","H3","B","Off","1","B",1,1
"131",8446,"I4","H3","B","Off","1","Equal damage",0,1
"132",8659,"I4","H3","B","Off","1","A",0,1
"133",8361,"I4","H3","B","Off","1","A",0,1
"134",8654,"I4","H3","B","Off","1","Equal damage",0,1
"135",8350,"I4","H3","B","Off","1","A",0,1
"136",8393,"I4","H3","B","Off","1","A",0,1
"137",7548,"I4","H3","B","Off","1","Equal damage",0,1
"138",5927,"I4","H3","B","Off","1","Equal damage",0,1
"139",8389,"I4","H3","B","Off","1","A",0,1
"140",8328,"I4","H3","B","Off","1","B",1,1
"141",8216,"I4","H3","B","Off","1","A",0,1
"142",8552,"I4","H3","B","Off","1","A",0,1
"143",6942,"I4","H3","B","Off","1","A",0,1
"144",NA,"I4","H3","B","Off","1","",0,1
"145",8329,"I5","H3","A","On","1","Equal damage",0,0
"146",8263,"I5","H3","A","On","1","A",1,0
"147",8372,"I5","H3","A","On","1","A",1,0
"148",6767,"I5","H3","A","On","1","A",1,0
"149",8519,"I5","H3","A","On","1","A",1,0
"150",8281,"I5","H3","A","On","1","A",1,0
"151",5971,"I5","H3","A","On","1","A",1,0
"152",8554,"I5","H3","A","On","1","A",1,0
"153",8536,"I5","H3","A","On","1","A",1,0
"154",8108,"I5","H3","A","On","1","A",1,0
"155",5766,"I5","H3","A","On","1","Equal damage",0,0
"156",8556,"I5","H3","A","On","1","A",1,0
"157",8103,"I5","H3","A","On","1","A",1,0
"158",6402,"I5","H3","A","On","1","A",1,0
"159",8312,"I5","H3","A","On","1","A",1,0
"160",7699,"I5","H3","A","On","1","Equal damage",0,0
"161",8577,"I5","H3","A","On","1","A",1,0
"162",6035,"I5","H3","A","On","1","A",1,0
"163",8404,"I5","H3","A","On","1","Equal damage",0,0
"164",8290,"I5","H3","A","On","1","A",1,0
"165",8470,"I5","H3","A","On","1","A",1,0
"166",6781,"I5","H3","A","On","1","A",1,0
"167",8446,"I5","H3","A","On","1","Equal damage",0,0
"168",8659,"I5","H3","A","On","1","Equal damage",0,0
"169",8361,"I5","H3","A","On","1","A",1,0
"170",8654,"I5","H3","A","On","1","A",1,0
"171",8350,"I5","H3","A","On","1","A",1,0
"172",8393,"I5","H3","A","On","1","A",1,0
"173",7548,"I5","H3","A","On","1","Equal damage",0,0
"174",5927,"I5","H3","A","On","1","A",1,0
"175",8389,"I5","H3","A","On","1","Equal damage",0,0
"176",8328,"I5","H3","A","On","1","A",1,0
"177",8216,"I5","H3","A","On","1","A",1,0
"178",8552,"I5","H3","A","On","1","A",1,0
"179",6942,"I5","H3","A","On","1","A",1,0
"180",NA,"I5","H3","A","On","1","",0,0
"181",8329,"I6","H3","B","On","1","Equal damage",0,0
"182",8263,"I6","H3","B","On","1","B",1,0
"183",8372,"I6","H3","B","On","1","B",1,0
"184",6767,"I6","H3","B","On","1","Equal damage",0,0
"185",8519,"I6","H3","B","On","1","B",1,0
"186",8281,"I6","H3","B","On","1","B",1,0
"187",5971,"I6","H3","B","On","1","B",1,0
"188",8554,"I6","H3","B","On","1","B",1,0
"189",8536,"I6","H3","B","On","1","B",1,0
"190",8108,"I6","H3","B","On","1","B",1,0
"191",5766,"I6","H3","B","On","1","Equal damage",0,0
"192",8556,"I6","H3","B","On","1","B",1,0
"193",8103,"I6","H3","B","On","1","Equal damage",0,0
"194",6402,"I6","H3","B","On","1","B",1,0
"195",8312,"I6","H3","B","On","1","Equal damage",0,0
"196",7699,"I6","H3","B","On","1","Equal damage",0,0
"197",8577,"I6","H3","B","On","1","B",1,0
"198",6035,"I6","H3","B","On","1","Equal damage",0,0
"199",8404,"I6","H3","B","On","1","Equal damage",0,0
"200",8290,"I6","H3","B","On","1","B",1,0
"201",8470,"I6","H3","B","On","1","B",1,0
"202",6781,"I6","H3","B","On","1","B",1,0
"203",8446,"I6","H3","B","On","1","B",1,0
"204",8659,"I6","H3","B","On","1","B",1,0
"205",8361,"I6","H3","B","On","1","B",1,0
"206",8654,"I6","H3","B","On","1","Equal damage",0,0
"207",8350,"I6","H3","B","On","1","B",1,0
"208",8393,"I6","H3","B","On","1","B",1,0
"209",7548,"I6","H3","B","On","1","Equal damage",0,0
"210",5927,"I6","H3","B","On","1","B",1,0
"211",8389,"I6","H3","B","On","1","B",1,0
"212",8328,"I6","H3","B","On","1","Equal damage",0,0
"213",8216,"I6","H3","B","On","1","B",1,0
"214",8552,"I6","H3","B","On","1","Equal damage",0,0
"215",6942,"I6","H3","B","On","1","B",1,0
"216",NA,"I6","H3","B","On","1","",0,0
"217",8329,"I7","H3","B","On","1","B",1,0
"218",8263,"I7","H3","B","On","1","B",1,0
"219",8372,"I7","H3","B","On","1","B",1,0
"220",6767,"I7","H3","B","On","1","Equal damage",0,0
"221",8519,"I7","H3","B","On","1","B",1,0
"222",8281,"I7","H3","B","On","1","B",1,0
"223",5971,"I7","H3","B","On","1","B",1,0
"224",8554,"I7","H3","B","On","1","B",1,0
"225",8536,"I7","H3","B","On","1","B",1,0
"226",8108,"I7","H3","B","On","1","Equal damage",0,0
"227",5766,"I7","H3","B","On","1","B",1,0
"228",8556,"I7","H3","B","On","1","B",1,0
"229",8103,"I7","H3","B","On","1","B",1,0
"230",6402,"I7","H3","B","On","1","B",1,0
"231",8312,"I7","H3","B","On","1","B",1,0
"232",7699,"I7","H3","B","On","1","Equal damage",0,0
"233",8577,"I7","H3","B","On","1","B",1,0
"234",6035,"I7","H3","B","On","1","Equal damage",0,0
"235",8404,"I7","H3","B","On","1","Equal damage",0,0
"236",8290,"I7","H3","B","On","1","B",1,0
"237",8470,"I7","H3","B","On","1","B",1,0
"238",6781,"I7","H3","B","On","1","B",1,0
"239",8446,"I7","H3","B","On","1","Equal damage",0,0
"240",8659,"I7","H3","B","On","1","B",1,0
"241",8361,"I7","H3","B","On","1","B",1,0
"242",8654,"I7","H3","B","On","1","Equal damage",0,0
"243",8350,"I7","H3","B","On","1","B",1,0
"244",8393,"I7","H3","B","On","1","B",1,0
"245",7548,"I7","H3","B","On","1","B",1,0
"246",5927,"I7","H3","B","On","1","B",1,0
"247",8389,"I7","H3","B","On","1","B",1,0
"248",8328,"I7","H3","B","On","1","B",1,0
"249",8216,"I7","H3","B","On","1","B",1,0
"250",8552,"I7","H3","B","On","1","B",1,0
"251",6942,"I7","H3","B","On","1","B",1,0
"252",NA,"I7","H3","B","On","1","",0,0
"253",8329,"I8","H3","A","On","1","A",1,0
"254",8263,"I8","H3","A","On","1","A",1,0
"255",8372,"I8","H3","A","On","1","A",1,0
"256",6767,"I8","H3","A","On","1","A",1,0
"257",8519,"I8","H3","A","On","1","A",1,0
"258",8281,"I8","H3","A","On","1","A",1,0
"259",5971,"I8","H3","A","On","1","A",1,0
"260",8554,"I8","H3","A","On","1","A",1,0
"261",8536,"I8","H3","A","On","1","A",1,0
"262",8108,"I8","H3","A","On","1","Equal damage",0,0
"263",5766,"I8","H3","A","On","1","A",1,0
"264",8556,"I8","H3","A","On","1","A",1,0
"265",8103,"I8","H3","A","On","1","A",1,0
"266",6402,"I8","H3","A","On","1","A",1,0
"267",8312,"I8","H3","A","On","1","A",1,0
"268",7699,"I8","H3","A","On","1","Equal damage",0,0
"269",8577,"I8","H3","A","On","1","A",1,0
"270",6035,"I8","H3","A","On","1","A",1,0
"271",8404,"I8","H3","A","On","1","A",1,0
"272",8290,"I8","H3","A","On","1","A",1,0
"273",8470,"I8","H3","A","On","1","A",1,0
"274",6781,"I8","H3","A","On","1","A",1,0
"275",8446,"I8","H3","A","On","1","Equal damage",0,0
"276",8659,"I8","H3","A","On","1","A",1,0
"277",8361,"I8","H3","A","On","1","A",1,0
"278",8654,"I8","H3","A","On","1","A",1,0
"279",8350,"I8","H3","A","On","1","A",1,0
"280",8393,"I8","H3","A","On","1","A",1,0
"281",7548,"I8","H3","A","On","1","A",1,0
"282",5927,"I8","H3","A","On","1","Equal damage",0,0
"283",8389,"I8","H3","A","On","1","A",1,0
"284",8328,"I8","H3","A","On","1","A",1,0
"285",8216,"I8","H3","A","On","1","A",1,0
"286",8552,"I8","H3","A","On","1","A",1,0
"287",6942,"I8","H3","A","On","1","A",1,0
"288",NA,"I8","H3","A","On","1","",0,0
"289",8329,"I9","H3","A","Off","2","Equal damage",0,1
"290",8263,"I9","H3","A","Off","2","A",1,1
"291",8372,"I9","H3","A","Off","2","A",1,1
"292",6767,"I9","H3","A","Off","2","A",1,1
"293",8519,"I9","H3","A","Off","2","B",0,1
"294",8281,"I9","H3","A","Off","2","A",1,1
"295",5971,"I9","H3","A","Off","2","B",0,1
"296",8554,"I9","H3","A","Off","2","B",0,1
"297",8536,"I9","H3","A","Off","2","A",1,1
"298",8108,"I9","H3","A","Off","2","A",1,1
"299",5766,"I9","H3","A","Off","2","Equal damage",0,1
"300",8556,"I9","H3","A","Off","2","B",0,1
"301",8103,"I9","H3","A","Off","2","Equal damage",0,1
"302",6402,"I9","H3","A","Off","2","B",0,1
"303",8312,"I9","H3","A","Off","2","Equal damage",0,1
"304",7699,"I9","H3","A","Off","2","Equal damage",0,1
"305",8577,"I9","H3","A","Off","2","A",1,1
"306",6035,"I9","H3","A","Off","2","Equal damage",0,1
"307",8404,"I9","H3","A","Off","2","Equal damage",0,1
"308",8290,"I9","H3","A","Off","2","B",0,1
"309",8470,"I9","H3","A","Off","2","B",0,1
"310",6781,"I9","H3","A","Off","2","A",1,1
"311",8446,"I9","H3","A","Off","2","Equal damage",0,1
"312",8659,"I9","H3","A","Off","2","B",0,1
"313",8361,"I9","H3","A","Off","2","A",1,1
"314",8654,"I9","H3","A","Off","2","Equal damage",0,1
"315",8350,"I9","H3","A","Off","2","B",0,1
"316",8393,"I9","H3","A","Off","2","B",0,1
"317",7548,"I9","H3","A","Off","2","Equal damage",0,1
"318",5927,"I9","H3","A","Off","2","Equal damage",0,1
"319",8389,"I9","H3","A","Off","2","A",1,1
"320",8328,"I9","H3","A","Off","2","A",1,1
"321",8216,"I9","H3","A","Off","2","B",0,1
"322",8552,"I9","H3","A","Off","2","Equal damage",0,1
"323",6942,"I9","H3","A","Off","2","B",0,1
"324",NA,"I9","H3","A","Off","2","",0,1
"325",8329,"I10","H3","B","Off","2","Equal damage",0,1
"326",8263,"I10","H3","B","Off","2","B",1,1
"327",8372,"I10","H3","B","Off","2","B",1,1
"328",6767,"I10","H3","B","Off","2","B",1,1
"329",8519,"I10","H3","B","Off","2","A",0,1
"330",8281,"I10","H3","B","Off","2","B",1,1
"331",5971,"I10","H3","B","Off","2","A",0,1
"332",8554,"I10","H3","B","Off","2","A",0,1
"333",8536,"I10","H3","B","Off","2","B",1,1
"334",8108,"I10","H3","B","Off","2","B",1,1
"335",5766,"I10","H3","B","Off","2","Equal damage",0,1
"336",8556,"I10","H3","B","Off","2","A",0,1
"337",8103,"I10","H3","B","Off","2","Equal damage",0,1
"338",6402,"I10","H3","B","Off","2","A",0,1
"339",8312,"I10","H3","B","Off","2","B",1,1
"340",7699,"I10","H3","B","Off","2","Equal damage",0,1
"341",8577,"I10","H3","B","Off","2","B",1,1
"342",6035,"I10","H3","B","Off","2","Equal damage",0,1
"343",8404,"I10","H3","B","Off","2","Equal damage",0,1
"344",8290,"I10","H3","B","Off","2","A",0,1
"345",8470,"I10","H3","B","Off","2","A",0,1
"346",6781,"I10","H3","B","Off","2","B",1,1
"347",8446,"I10","H3","B","Off","2","Equal damage",0,1
"348",8659,"I10","H3","B","Off","2","A",0,1
"349",8361,"I10","H3","B","Off","2","B",1,1
"350",8654,"I10","H3","B","Off","2","Equal damage",0,1
"351",8350,"I10","H3","B","Off","2","A",0,1
"352",8393,"I10","H3","B","Off","2","A",0,1
"353",7548,"I10","H3","B","Off","2","Equal damage",0,1
"354",5927,"I10","H3","B","Off","2","Equal damage",0,1
"355",8389,"I10","H3","B","Off","2","Equal damage",0,1
"356",8328,"I10","H3","B","Off","2","B",1,1
"357",8216,"I10","H3","B","Off","2","A",0,1
"358",8552,"I10","H3","B","Off","2","A",0,1
"359",6942,"I10","H3","B","Off","2","A",0,1
"360",NA,"I10","H3","B","Off","2","",0,1
"361",8329,"I11","H3","A","Off","2","A",1,1
"362",8263,"I11","H3","A","Off","2","A",1,1
"363",8372,"I11","H3","A","Off","2","A",1,1
"364",6767,"I11","H3","A","Off","2","A",1,1
"365",8519,"I11","H3","A","Off","2","B",0,1
"366",8281,"I11","H3","A","Off","2","A",1,1
"367",5971,"I11","H3","A","Off","2","B",0,1
"368",8554,"I11","H3","A","Off","2","B",0,1
"369",8536,"I11","H3","A","Off","2","A",1,1
"370",8108,"I11","H3","A","Off","2","A",1,1
"371",5766,"I11","H3","A","Off","2","Equal damage",0,1
"372",8556,"I11","H3","A","Off","2","B",0,1
"373",8103,"I11","H3","A","Off","2","B",0,1
"374",6402,"I11","H3","A","Off","2","B",0,1
"375",8312,"I11","H3","A","Off","2","A",1,1
"376",7699,"I11","H3","A","Off","2","A",1,1
"377",8577,"I11","H3","A","Off","2","A",1,1
"378",6035,"I11","H3","A","Off","2","A",1,1
"379",8404,"I11","H3","A","Off","2","Equal damage",0,1
"380",8290,"I11","H3","A","Off","2","B",0,1
"381",8470,"I11","H3","A","Off","2","A",1,1
"382",6781,"I11","H3","A","Off","2","A",1,1
"383",8446,"I11","H3","A","Off","2","A",1,1
"384",8659,"I11","H3","A","Off","2","B",0,1
"385",8361,"I11","H3","A","Off","2","A",1,1
"386",8654,"I11","H3","A","Off","2","A",1,1
"387",8350,"I11","H3","A","Off","2","Equal damage",0,1
"388",8393,"I11","H3","A","Off","2","A",1,1
"389",7548,"I11","H3","A","Off","2","A",1,1
"390",5927,"I11","H3","A","Off","2","A",1,1
"391",8389,"I11","H3","A","Off","2","A",1,1
"392",8328,"I11","H3","A","Off","2","A",1,1
"393",8216,"I11","H3","A","Off","2","B",0,1
"394",8552,"I11","H3","A","Off","2","Equal damage",0,1
"395",6942,"I11","H3","A","Off","2","B",0,1
"396",NA,"I11","H3","A","Off","2","",0,1
"397",8329,"I12","H3","B","Off","2","Equal damage",0,1
"398",8263,"I12","H3","B","Off","2","A",0,1
"399",8372,"I12","H3","B","Off","2","B",1,1
"400",6767,"I12","H3","B","Off","2","Equal damage",0,1
"401",8519,"I12","H3","B","Off","2","A",0,1
"402",8281,"I12","H3","B","Off","2","B",1,1
"403",5971,"I12","H3","B","Off","2","A",0,1
"404",8554,"I12","H3","B","Off","2","A",0,1
"405",8536,"I12","H3","B","Off","2","B",1,1
"406",8108,"I12","H3","B","Off","2","Equal damage",0,1
"407",5766,"I12","H3","B","Off","2","A",0,1
"408",8556,"I12","H3","B","Off","2","A",0,1
"409",8103,"I12","H3","B","Off","2","A",0,1
"410",6402,"I12","H3","B","Off","2","A",0,1
"411",8312,"I12","H3","B","Off","2","Equal damage",0,1
"412",7699,"I12","H3","B","Off","2","Equal damage",0,1
"413",8577,"I12","H3","B","Off","2","B",1,1
"414",6035,"I12","H3","B","Off","2","Equal damage",0,1
"415",8404,"I12","H3","B","Off","2","Equal damage",0,1
"416",8290,"I12","H3","B","Off","2","A",0,1
"417",8470,"I12","H3","B","Off","2","A",0,1
"418",6781,"I12","H3","B","Off","2","B",1,1
"419",8446,"I12","H3","B","Off","2","Equal damage",0,1
"420",8659,"I12","H3","B","Off","2","Equal damage",0,1
"421",8361,"I12","H3","B","Off","2","Equal damage",0,1
"422",8654,"I12","H3","B","Off","2","Equal damage",0,1
"423",8350,"I12","H3","B","Off","2","A",0,1
"424",8393,"I12","H3","B","Off","2","A",0,1
"425",7548,"I12","H3","B","Off","2","Equal damage",0,1
"426",5927,"I12","H3","B","Off","2","Equal damage",0,1
"427",8389,"I12","H3","B","Off","2","B",1,1
"428",8328,"I12","H3","B","Off","2","B",1,1
"429",8216,"I12","H3","B","Off","2","A",0,1
"430",8552,"I12","H3","B","Off","2","A",0,1
"431",6942,"I12","H3","B","Off","2","A",0,1
"432",NA,"I12","H3","B","Off","2","",0,1
"433",8329,"I13","H3","A","On","2","Equal damage",0,0
"434",8263,"I13","H3","A","On","2","A",1,0
"435",8372,"I13","H3","A","On","2","A",1,0
"436",6767,"I13","H3","A","On","2","A",1,0
"437",8519,"I13","H3","A","On","2","A",1,0
"438",8281,"I13","H3","A","On","2","A",1,0
"439",5971,"I13","H3","A","On","2","A",1,0
"440",8554,"I13","H3","A","On","2","A",1,0
"441",8536,"I13","H3","A","On","2","A",1,0
"442",8108,"I13","H3","A","On","2","Equal damage",0,0
"443",5766,"I13","H3","A","On","2","Equal damage",0,0
"444",8556,"I13","H3","A","On","2","A",1,0
"445",8103,"I13","H3","A","On","2","A",1,0
"446",6402,"I13","H3","A","On","2","A",1,0
"447",8312,"I13","H3","A","On","2","Equal damage",0,0
"448",7699,"I13","H3","A","On","2","Equal damage",0,0
"449",8577,"I13","H3","A","On","2","A",1,0
"450",6035,"I13","H3","A","On","2","A",1,0
"451",8404,"I13","H3","A","On","2","A",1,0
"452",8290,"I13","H3","A","On","2","A",1,0
"453",8470,"I13","H3","A","On","2","A",1,0
"454",6781,"I13","H3","A","On","2","A",1,0
"455",8446,"I13","H3","A","On","2","A",1,0
"456",8659,"I13","H3","A","On","2","A",1,0
"457",8361,"I13","H3","A","On","2","A",1,0
"458",8654,"I13","H3","A","On","2","A",1,0
"459",8350,"I13","H3","A","On","2","A",1,0
"460",8393,"I13","H3","A","On","2","A",1,0
"461",7548,"I13","H3","A","On","2","A",1,0
"462",5927,"I13","H3","A","On","2","A",1,0
"463",8389,"I13","H3","A","On","2","A",1,0
"464",8328,"I13","H3","A","On","2","A",1,0
"465",8216,"I13","H3","A","On","2","A",1,0
"466",8552,"I13","H3","A","On","2","A",1,0
"467",6942,"I13","H3","A","On","2","A",1,0
"468",NA,"I13","H3","A","On","2","",0,0
"469",8329,"I14","H3","B","On","2","Equal damage",0,0
"470",8263,"I14","H3","B","On","2","Equal damage",0,0
"471",8372,"I14","H3","B","On","2","B",1,0
"472",6767,"I14","H3","B","On","2","Equal damage",0,0
"473",8519,"I14","H3","B","On","2","B",1,0
"474",8281,"I14","H3","B","On","2","B",1,0
"475",5971,"I14","H3","B","On","2","B",1,0
"476",8554,"I14","H3","B","On","2","B",1,0
"477",8536,"I14","H3","B","On","2","B",1,0
"478",8108,"I14","H3","B","On","2","Equal damage",0,0
"479",5766,"I14","H3","B","On","2","B",1,0
"480",8556,"I14","H3","B","On","2","B",1,0
"481",8103,"I14","H3","B","On","2","Equal damage",0,0
"482",6402,"I14","H3","B","On","2","B",1,0
"483",8312,"I14","H3","B","On","2","Equal damage",0,0
"484",7699,"I14","H3","B","On","2","B",1,0
"485",8577,"I14","H3","B","On","2","B",1,0
"486",6035,"I14","H3","B","On","2","Equal damage",0,0
"487",8404,"I14","H3","B","On","2","Equal damage",0,0
"488",8290,"I14","H3","B","On","2","B",1,0
"489",8470,"I14","H3","B","On","2","B",1,0
"490",6781,"I14","H3","B","On","2","B",1,0
"491",8446,"I14","H3","B","On","2","B",1,0
"492",8659,"I14","H3","B","On","2","B",1,0
"493",8361,"I14","H3","B","On","2","B",1,0
"494",8654,"I14","H3","B","On","2","Equal damage",0,0
"495",8350,"I14","H3","B","On","2","Equal damage",0,0
"496",8393,"I14","H3","B","On","2","B",1,0
"497",7548,"I14","H3","B","On","2","Equal damage",0,0
"498",5927,"I14","H3","B","On","2","Equal damage",0,0
"499",8389,"I14","H3","B","On","2","Equal damage",0,0
"500",8328,"I14","H3","B","On","2","B",1,0
"501",8216,"I14","H3","B","On","2","B",1,0
"502",8552,"I14","H3","B","On","2","B",1,0
"503",6942,"I14","H3","B","On","2","Equal damage",0,0
"504",NA,"I14","H3","B","On","2","",0,0
"505",8329,"I15","H3","B","On","2","B",1,0
"506",8263,"I15","H3","B","On","2","B",1,0
"507",8372,"I15","H3","B","On","2","B",1,0
"508",6767,"I15","H3","B","On","2","B",1,0
"509",8519,"I15","H3","B","On","2","B",1,0
"510",8281,"I15","H3","B","On","2","B",1,0
"511",5971,"I15","H3","B","On","2","B",1,0
"512",8554,"I15","H3","B","On","2","B",1,0
"513",8536,"I15","H3","B","On","2","B",1,0
"514",8108,"I15","H3","B","On","2","B",1,0
"515",5766,"I15","H3","B","On","2","B",1,0
"516",8556,"I15","H3","B","On","2","B",1,0
"517",8103,"I15","H3","B","On","2","B",1,0
"518",6402,"I15","H3","B","On","2","B",1,0
"519",8312,"I15","H3","B","On","2","B",1,0
"520",7699,"I15","H3","B","On","2","B",1,0
"521",8577,"I15","H3","B","On","2","B",1,0
"522",6035,"I15","H3","B","On","2","B",1,0
"523",8404,"I15","H3","B","On","2","B",1,0
"524",8290,"I15","H3","B","On","2","B",1,0
"525",8470,"I15","H3","B","On","2","B",1,0
"526",6781,"I15","H3","B","On","2","B",1,0
"527",8446,"I15","H3","B","On","2","B",1,0
"528",8659,"I15","H3","B","On","2","B",1,0
"529",8361,"I15","H3","B","On","2","B",1,0
"530",8654,"I15","H3","B","On","2","B",1,0
"531",8350,"I15","H3","B","On","2","B",1,0
"532",8393,"I15","H3","B","On","2","B",1,0
"533",7548,"I15","H3","B","On","2","B",1,0
"534",5927,"I15","H3","B","On","2","B",1,0
"535",8389,"I15","H3","B","On","2","B",1,0
"536",8328,"I15","H3","B","On","2","B",1,0
"537",8216,"I15","H3","B","On","2","B",1,0
"538",8552,"I15","H3","B","On","2","B",1,0
"539",6942,"I15","H3","B","On","2","B",1,0
"540",NA,"I15","H3","B","On","2","",0,0
"541",8329,"I16","H3","A","On","2","A",1,0
"542",8263,"I16","H3","A","On","2","A",1,0
"543",8372,"I16","H3","A","On","2","A",1,0
"544",6767,"I16","H3","A","On","2","A",1,0
"545",8519,"I16","H3","A","On","2","A",1,0
"546",8281,"I16","H3","A","On","2","A",1,0
"547",5971,"I16","H3","A","On","2","A",1,0
"548",8554,"I16","H3","A","On","2","A",1,0
"549",8536,"I16","H3","A","On","2","A",1,0
"550",8108,"I16","H3","A","On","2","A",1,0
"551",5766,"I16","H3","A","On","2","A",1,0
"552",8556,"I16","H3","A","On","2","A",1,0
"553",8103,"I16","H3","A","On","2","A",1,0
"554",6402,"I16","H3","A","On","2","A",1,0
"555",8312,"I16","H3","A","On","2","A",1,0
"556",7699,"I16","H3","A","On","2","A",1,0
"557",8577,"I16","H3","A","On","2","A",1,0
"558",6035,"I16","H3","A","On","2","A",1,0
"559",8404,"I16","H3","A","On","2","A",1,0
"560",8290,"I16","H3","A","On","2","A",1,0
"561",8470,"I16","H3","A","On","2","A",1,0
"562",6781,"I16","H3","A","On","2","A",1,0
"563",8446,"I16","H3","A","On","2","A",1,0
"564",8659,"I16","H3","A","On","2","A",1,0
"565",8361,"I16","H3","A","On","2","A",1,0
"566",8654,"I16","H3","A","On","2","A",1,0
"567",8350,"I16","H3","A","On","2","A",1,0
"568",8393,"I16","H3","A","On","2","A",1,0
"569",7548,"I16","H3","A","On","2","A",1,0
"570",5927,"I16","H3","A","On","2","A",1,0
"571",8389,"I16","H3","A","On","2","A",1,0
"572",8328,"I16","H3","A","On","2","A",1,0
"573",8216,"I16","H3","A","On","2","A",1,0
"574",8552,"I16","H3","A","On","2","A",1,0
"575",6942,"I16","H3","A","On","2","A",1,0
"576",NA,"I16","H3","A","On","2","",0,0
"577",8329,"I17","H1","B","Off","1","B",1,1
"578",8263,"I17","H1","B","Off","1","A",0,1
"579",8372,"I17","H1","B","Off","1","B",1,1
"580",6767,"I17","H1","B","Off","1","B",1,1
"581",8519,"I17","H1","B","Off","1","A",0,1
"582",8281,"I17","H1","B","Off","1","B",1,1
"583",5971,"I17","H1","B","Off","1","A",0,1
"584",8554,"I17","H1","B","Off","1","A",0,1
"585",8536,"I17","H1","B","Off","1","B",1,1
"586",8108,"I17","H1","B","Off","1","B",1,1
"587",5766,"I17","H1","B","Off","1","A",0,1
"588",8556,"I17","H1","B","Off","1","A",0,1
"589",8103,"I17","H1","B","Off","1","Equal damage",0,1
"590",6402,"I17","H1","B","Off","1","A",0,1
"591",8312,"I17","H1","B","Off","1","Equal damage",0,1
"592",7699,"I17","H1","B","Off","1","Equal damage",0,1
"593",8577,"I17","H1","B","Off","1","B",1,1
"594",6035,"I17","H1","B","Off","1","Equal damage",0,1
"595",8404,"I17","H1","B","Off","1","Equal damage",0,1
"596",8290,"I17","H1","B","Off","1","A",0,1
"597",8470,"I17","H1","B","Off","1","A",0,1
"598",6781,"I17","H1","B","Off","1","B",1,1
"599",8446,"I17","H1","B","Off","1","A",0,1
"600",8659,"I17","H1","B","Off","1","A",0,1
"601",8361,"I17","H1","B","Off","1","B",1,1
"602",8654,"I17","H1","B","Off","1","Equal damage",0,1
"603",8350,"I17","H1","B","Off","1","A",0,1
"604",8393,"I17","H1","B","Off","1","Equal damage",0,1
"605",7548,"I17","H1","B","Off","1","Equal damage",0,1
"606",5927,"I17","H1","B","Off","1","B",1,1
"607",8389,"I17","H1","B","Off","1","A",0,1
"608",8328,"I17","H1","B","Off","1","B",1,1
"609",8216,"I17","H1","B","Off","1","A",0,1
"610",8552,"I17","H1","B","Off","1","Equal damage",0,1
"611",6942,"I17","H1","B","Off","1","A",0,1
"612",NA,"I17","H1","B","Off","1","",0,1
"613",8329,"I18","H1","A","Off","1","B",0,1
"614",8263,"I18","H1","A","Off","1","B",0,1
"615",8372,"I18","H1","A","Off","1","A",1,1
"616",6767,"I18","H1","A","Off","1","A",1,1
"617",8519,"I18","H1","A","Off","1","B",0,1
"618",8281,"I18","H1","A","Off","1","A",1,1
"619",5971,"I18","H1","A","Off","1","B",0,1
"620",8554,"I18","H1","A","Off","1","B",0,1
"621",8536,"I18","H1","A","Off","1","A",1,1
"622",8108,"I18","H1","A","Off","1","A",1,1
"623",5766,"I18","H1","A","Off","1","A",1,1
"624",8556,"I18","H1","A","Off","1","B",0,1
"625",8103,"I18","H1","A","Off","1","B",0,1
"626",6402,"I18","H1","A","Off","1","B",0,1
"627",8312,"I18","H1","A","Off","1","A",1,1
"628",7699,"I18","H1","A","Off","1","Equal damage",0,1
"629",8577,"I18","H1","A","Off","1","Equal damage",0,1
"630",6035,"I18","H1","A","Off","1","A",1,1
"631",8404,"I18","H1","A","Off","1","B",0,1
"632",8290,"I18","H1","A","Off","1","B",0,1
"633",8470,"I18","H1","A","Off","1","B",0,1
"634",6781,"I18","H1","A","Off","1","A",1,1
"635",8446,"I18","H1","A","Off","1","Equal damage",0,1
"636",8659,"I18","H1","A","Off","1","B",0,1
"637",8361,"I18","H1","A","Off","1","B",0,1
"638",8654,"I18","H1","A","Off","1","Equal damage",0,1
"639",8350,"I18","H1","A","Off","1","Equal damage",0,1
"640",8393,"I18","H1","A","Off","1","B",0,1
"641",7548,"I18","H1","A","Off","1","Equal damage",0,1
"642",5927,"I18","H1","A","Off","1","Equal damage",0,1
"643",8389,"I18","H1","A","Off","1","A",1,1
"644",8328,"I18","H1","A","Off","1","A",1,1
"645",8216,"I18","H1","A","Off","1","B",0,1
"646",8552,"I18","H1","A","Off","1","B",0,1
"647",6942,"I18","H1","A","Off","1","B",0,1
"648",NA,"I18","H1","A","Off","1","",0,1
"649",8329,"I19","H1","A","Off","1","Equal damage",0,1
"650",8263,"I19","H1","A","Off","1","A",1,1
"651",8372,"I19","H1","A","Off","1","A",1,1
"652",6767,"I19","H1","A","Off","1","A",1,1
"653",8519,"I19","H1","A","Off","1","B",0,1
"654",8281,"I19","H1","A","Off","1","A",1,1
"655",5971,"I19","H1","A","Off","1","B",0,1
"656",8554,"I19","H1","A","Off","1","B",0,1
"657",8536,"I19","H1","A","Off","1","A",1,1
"658",8108,"I19","H1","A","Off","1","A",1,1
"659",5766,"I19","H1","A","Off","1","A",1,1
"660",8556,"I19","H1","A","Off","1","A",1,1
"661",8103,"I19","H1","A","Off","1","Equal damage",0,1
"662",6402,"I19","H1","A","Off","1","B",0,1
"663",8312,"I19","H1","A","Off","1","A",1,1
"664",7699,"I19","H1","A","Off","1","Equal damage",0,1
"665",8577,"I19","H1","A","Off","1","A",1,1
"666",6035,"I19","H1","A","Off","1","A",1,1
"667",8404,"I19","H1","A","Off","1","Equal damage",0,1
"668",8290,"I19","H1","A","Off","1","B",0,1
"669",8470,"I19","H1","A","Off","1","B",0,1
"670",6781,"I19","H1","A","Off","1","A",1,1
"671",8446,"I19","H1","A","Off","1","A",1,1
"672",8659,"I19","H1","A","Off","1","B",0,1
"673",8361,"I19","H1","A","Off","1","B",0,1
"674",8654,"I19","H1","A","Off","1","A",1,1
"675",8350,"I19","H1","A","Off","1","B",0,1
"676",8393,"I19","H1","A","Off","1","Equal damage",0,1
"677",7548,"I19","H1","A","Off","1","A",1,1
"678",5927,"I19","H1","A","Off","1","Equal damage",0,1
"679",8389,"I19","H1","A","Off","1","A",1,1
"680",8328,"I19","H1","A","Off","1","B",0,1
"681",8216,"I19","H1","A","Off","1","B",0,1
"682",8552,"I19","H1","A","Off","1","B",0,1
"683",6942,"I19","H1","A","Off","1","Equal damage",0,1
"684",NA,"I19","H1","A","Off","1","",0,1
"685",8329,"I20","H1","B","Off","1","Equal damage",0,1
"686",8263,"I20","H1","B","Off","1","Equal damage",0,1
"687",8372,"I20","H1","B","Off","1","B",1,1
"688",6767,"I20","H1","B","Off","1","Equal damage",0,1
"689",8519,"I20","H1","B","Off","1","A",0,1
"690",8281,"I20","H1","B","Off","1","B",1,1
"691",5971,"I20","H1","B","Off","1","A",0,1
"692",8554,"I20","H1","B","Off","1","A",0,1
"693",8536,"I20","H1","B","Off","1","B",1,1
"694",8108,"I20","H1","B","Off","1","Equal damage",0,1
"695",5766,"I20","H1","B","Off","1","Equal damage",0,1
"696",8556,"I20","H1","B","Off","1","A",0,1
"697",8103,"I20","H1","B","Off","1","A",0,1
"698",6402,"I20","H1","B","Off","1","A",0,1
"699",8312,"I20","H1","B","Off","1","B",1,1
"700",7699,"I20","H1","B","Off","1","Equal damage",0,1
"701",8577,"I20","H1","B","Off","1","B",1,1
"702",6035,"I20","H1","B","Off","1","Equal damage",0,1
"703",8404,"I20","H1","B","Off","1","Equal damage",0,1
"704",8290,"I20","H1","B","Off","1","A",0,1
"705",8470,"I20","H1","B","Off","1","A",0,1
"706",6781,"I20","H1","B","Off","1","B",1,1
"707",8446,"I20","H1","B","Off","1","Equal damage",0,1
"708",8659,"I20","H1","B","Off","1","A",0,1
"709",8361,"I20","H1","B","Off","1","B",1,1
"710",8654,"I20","H1","B","Off","1","Equal damage",0,1
"711",8350,"I20","H1","B","Off","1","Equal damage",0,1
"712",8393,"I20","H1","B","Off","1","A",0,1
"713",7548,"I20","H1","B","Off","1","Equal damage",0,1
"714",5927,"I20","H1","B","Off","1","A",0,1
"715",8389,"I20","H1","B","Off","1","B",1,1
"716",8328,"I20","H1","B","Off","1","B",1,1
"717",8216,"I20","H1","B","Off","1","A",0,1
"718",8552,"I20","H1","B","Off","1","A",0,1
"719",6942,"I20","H1","B","Off","1","A",0,1
"720",NA,"I20","H1","B","Off","1","",0,1
"721",8329,"I21","H1","B","On","1","B",1,0
"722",8263,"I21","H1","B","On","1","B",1,0
"723",8372,"I21","H1","B","On","1","B",1,0
"724",6767,"I21","H1","B","On","1","B",1,0
"725",8519,"I21","H1","B","On","1","B",1,0
"726",8281,"I21","H1","B","On","1","B",1,0
"727",5971,"I21","H1","B","On","1","B",1,0
"728",8554,"I21","H1","B","On","1","B",1,0
"729",8536,"I21","H1","B","On","1","B",1,0
"730",8108,"I21","H1","B","On","1","B",1,0
"731",5766,"I21","H1","B","On","1","B",1,0
"732",8556,"I21","H1","B","On","1","B",1,0
"733",8103,"I21","H1","B","On","1","B",1,0
"734",6402,"I21","H1","B","On","1","B",1,0
"735",8312,"I21","H1","B","On","1","Equal damage",0,0
"736",7699,"I21","H1","B","On","1","B",1,0
"737",8577,"I21","H1","B","On","1","B",1,0
"738",6035,"I21","H1","B","On","1","Equal damage",0,0
"739",8404,"I21","H1","B","On","1","B",1,0
"740",8290,"I21","H1","B","On","1","B",1,0
"741",8470,"I21","H1","B","On","1","B",1,0
"742",6781,"I21","H1","B","On","1","B",1,0
"743",8446,"I21","H1","B","On","1","B",1,0
"744",8659,"I21","H1","B","On","1","B",1,0
"745",8361,"I21","H1","B","On","1","B",1,0
"746",8654,"I21","H1","B","On","1","Equal damage",0,0
"747",8350,"I21","H1","B","On","1","B",1,0
"748",8393,"I21","H1","B","On","1","B",1,0
"749",7548,"I21","H1","B","On","1","B",1,0
"750",5927,"I21","H1","B","On","1","B",1,0
"751",8389,"I21","H1","B","On","1","B",1,0
"752",8328,"I21","H1","B","On","1","Equal damage",0,0
"753",8216,"I21","H1","B","On","1","B",1,0
"754",8552,"I21","H1","B","On","1","B",1,0
"755",6942,"I21","H1","B","On","1","B",1,0
"756",NA,"I21","H1","B","On","1","",0,0
"757",8329,"I22","H1","A","On","1","A",1,0
"758",8263,"I22","H1","A","On","1","Equal damage",0,0
"759",8372,"I22","H1","A","On","1","A",1,0
"760",6767,"I22","H1","A","On","1","A",1,0
"761",8519,"I22","H1","A","On","1","A",1,0
"762",8281,"I22","H1","A","On","1","A",1,0
"763",5971,"I22","H1","A","On","1","A",1,0
"764",8554,"I22","H1","A","On","1","A",1,0
"765",8536,"I22","H1","A","On","1","A",1,0
"766",8108,"I22","H1","A","On","1","A",1,0
"767",5766,"I22","H1","A","On","1","A",1,0
"768",8556,"I22","H1","A","On","1","A",1,0
"769",8103,"I22","H1","A","On","1","Equal damage",0,0
"770",6402,"I22","H1","A","On","1","A",1,0
"771",8312,"I22","H1","A","On","1","Equal damage",0,0
"772",7699,"I22","H1","A","On","1","A",1,0
"773",8577,"I22","H1","A","On","1","A",1,0
"774",6035,"I22","H1","A","On","1","Equal damage",0,0
"775",8404,"I22","H1","A","On","1","A",1,0
"776",8290,"I22","H1","A","On","1","A",1,0
"777",8470,"I22","H1","A","On","1","A",1,0
"778",6781,"I22","H1","A","On","1","A",1,0
"779",8446,"I22","H1","A","On","1","A",1,0
"780",8659,"I22","H1","A","On","1","A",1,0
"781",8361,"I22","H1","A","On","1","A",1,0
"782",8654,"I22","H1","A","On","1","A",1,0
"783",8350,"I22","H1","A","On","1","A",1,0
"784",8393,"I22","H1","A","On","1","A",1,0
"785",7548,"I22","H1","A","On","1","A",1,0
"786",5927,"I22","H1","A","On","1","A",1,0
"787",8389,"I22","H1","A","On","1","A",1,0
"788",8328,"I22","H1","A","On","1","A",1,0
"789",8216,"I22","H1","A","On","1","A",1,0
"790",8552,"I22","H1","A","On","1","A",1,0
"791",6942,"I22","H1","A","On","1","A",1,0
"792",NA,"I22","H1","A","On","1","",0,0
"793",8329,"I23","H1","B","On","1","Equal damage",0,0
"794",8263,"I23","H1","B","On","1","B",1,0
"795",8372,"I23","H1","B","On","1","B",1,0
"796",6767,"I23","H1","B","On","1","B",1,0
"797",8519,"I23","H1","B","On","1","B",1,0
"798",8281,"I23","H1","B","On","1","B",1,0
"799",5971,"I23","H1","B","On","1","B",1,0
"800",8554,"I23","H1","B","On","1","B",1,0
"801",8536,"I23","H1","B","On","1","B",1,0
"802",8108,"I23","H1","B","On","1","B",1,0
"803",5766,"I23","H1","B","On","1","B",1,0
"804",8556,"I23","H1","B","On","1","B",1,0
"805",8103,"I23","H1","B","On","1","B",1,0
"806",6402,"I23","H1","B","On","1","B",1,0
"807",8312,"I23","H1","B","On","1","Equal damage",0,0
"808",7699,"I23","H1","B","On","1","Equal damage",0,0
"809",8577,"I23","H1","B","On","1","B",1,0
"810",6035,"I23","H1","B","On","1","B",1,0
"811",8404,"I23","H1","B","On","1","B",1,0
"812",8290,"I23","H1","B","On","1","B",1,0
"813",8470,"I23","H1","B","On","1","B",1,0
"814",6781,"I23","H1","B","On","1","B",1,0
"815",8446,"I23","H1","B","On","1","B",1,0
"816",8659,"I23","H1","B","On","1","B",1,0
"817",8361,"I23","H1","B","On","1","B",1,0
"818",8654,"I23","H1","B","On","1","B",1,0
"819",8350,"I23","H1","B","On","1","B",1,0
"820",8393,"I23","H1","B","On","1","B",1,0
"821",7548,"I23","H1","B","On","1","B",1,0
"822",5927,"I23","H1","B","On","1","B",1,0
"823",8389,"I23","H1","B","On","1","B",1,0
"824",8328,"I23","H1","B","On","1","B",1,0
"825",8216,"I23","H1","B","On","1","B",1,0
"826",8552,"I23","H1","B","On","1","B",1,0
"827",6942,"I23","H1","B","On","1","B",1,0
"828",NA,"I23","H1","B","On","1","",0,0
"829",8329,"I24","H1","A","On","1","Equal damage",0,0
"830",8263,"I24","H1","A","On","1","A",1,0
"831",8372,"I24","H1","A","On","1","A",1,0
"832",6767,"I24","H1","A","On","1","A",1,0
"833",8519,"I24","H1","A","On","1","A",1,0
"834",8281,"I24","H1","A","On","1","A",1,0
"835",5971,"I24","H1","A","On","1","A",1,0
"836",8554,"I24","H1","A","On","1","A",1,0
"837",8536,"I24","H1","A","On","1","A",1,0
"838",8108,"I24","H1","A","On","1","Equal damage",0,0
"839",5766,"I24","H1","A","On","1","A",1,0
"840",8556,"I24","H1","A","On","1","A",1,0
"841",8103,"I24","H1","A","On","1","A",1,0
"842",6402,"I24","H1","A","On","1","A",1,0
"843",8312,"I24","H1","A","On","1","A",1,0
"844",7699,"I24","H1","A","On","1","A",1,0
"845",8577,"I24","H1","A","On","1","A",1,0
"846",6035,"I24","H1","A","On","1","Equal damage",0,0
"847",8404,"I24","H1","A","On","1","Equal damage",0,0
"848",8290,"I24","H1","A","On","1","A",1,0
"849",8470,"I24","H1","A","On","1","A",1,0
"850",6781,"I24","H1","A","On","1","A",1,0
"851",8446,"I24","H1","A","On","1","A",1,0
"852",8659,"I24","H1","A","On","1","A",1,0
"853",8361,"I24","H1","A","On","1","A",1,0
"854",8654,"I24","H1","A","On","1","Equal damage",0,0
"855",8350,"I24","H1","A","On","1","A",1,0
"856",8393,"I24","H1","A","On","1","A",1,0
"857",7548,"I24","H1","A","On","1","A",1,0
"858",5927,"I24","H1","A","On","1","A",1,0
"859",8389,"I24","H1","A","On","1","A",1,0
"860",8328,"I24","H1","A","On","1","Equal damage",0,0
"861",8216,"I24","H1","A","On","1","A",1,0
"862",8552,"I24","H1","A","On","1","A",1,0
"863",6942,"I24","H1","A","On","1","A",1,0
"864",NA,"I24","H1","A","On","1","",0,0
"865",8329,"I25","H1","A","Off","2","B",0,1
"866",8263,"I25","H1","A","Off","2","B",0,1
"867",8372,"I25","H1","A","Off","2","A",1,1
"868",6767,"I25","H1","A","Off","2","Equal damage",0,1
"869",8519,"I25","H1","A","Off","2","B",0,1
"870",8281,"I25","H1","A","Off","2","A",1,1
"871",5971,"I25","H1","A","Off","2","B",0,1
"872",8554,"I25","H1","A","Off","2","B",0,1
"873",8536,"I25","H1","A","Off","2","A",1,1
"874",8108,"I25","H1","A","Off","2","Equal damage",0,1
"875",5766,"I25","H1","A","Off","2","A",1,1
"876",8556,"I25","H1","A","Off","2","B",0,1
"877",8103,"I25","H1","A","Off","2","B",0,1
"878",6402,"I25","H1","A","Off","2","B",0,1
"879",8312,"I25","H1","A","Off","2","A",1,1
"880",7699,"I25","H1","A","Off","2","A",1,1
"881",8577,"I25","H1","A","Off","2","A",1,1
"882",6035,"I25","H1","A","Off","2","Equal damage",0,1
"883",8404,"I25","H1","A","Off","2","B",0,1
"884",8290,"I25","H1","A","Off","2","B",0,1
"885",8470,"I25","H1","A","Off","2","B",0,1
"886",6781,"I25","H1","A","Off","2","A",1,1
"887",8446,"I25","H1","A","Off","2","Equal damage",0,1
"888",8659,"I25","H1","A","Off","2","B",0,1
"889",8361,"I25","H1","A","Off","2","Equal damage",0,1
"890",8654,"I25","H1","A","Off","2","Equal damage",0,1
"891",8350,"I25","H1","A","Off","2","B",0,1
"892",8393,"I25","H1","A","Off","2","B",0,1
"893",7548,"I25","H1","A","Off","2","A",1,1
"894",5927,"I25","H1","A","Off","2","Equal damage",0,1
"895",8389,"I25","H1","A","Off","2","B",0,1
"896",8328,"I25","H1","A","Off","2","A",1,1
"897",8216,"I25","H1","A","Off","2","B",0,1
"898",8552,"I25","H1","A","Off","2","B",0,1
"899",6942,"I25","H1","A","Off","2","B",0,1
"900",NA,"I25","H1","A","Off","2","",0,1
"901",8329,"I26","H1","B","Off","2","A",0,1
"902",8263,"I26","H1","B","Off","2","A",0,1
"903",8372,"I26","H1","B","Off","2","B",1,1
"904",6767,"I26","H1","B","Off","2","Equal damage",0,1
"905",8519,"I26","H1","B","Off","2","A",0,1
"906",8281,"I26","H1","B","Off","2","B",1,1
"907",5971,"I26","H1","B","Off","2","A",0,1
"908",8554,"I26","H1","B","Off","2","A",0,1
"909",8536,"I26","H1","B","Off","2","B",1,1
"910",8108,"I26","H1","B","Off","2","B",1,1
"911",5766,"I26","H1","B","Off","2","Equal damage",0,1
"912",8556,"I26","H1","B","Off","2","A",0,1
"913",8103,"I26","H1","B","Off","2","A",0,1
"914",6402,"I26","H1","B","Off","2","A",0,1
"915",8312,"I26","H1","B","Off","2","B",1,1
"916",7699,"I26","H1","B","Off","2","Equal damage",0,1
"917",8577,"I26","H1","B","Off","2","B",1,1
"918",6035,"I26","H1","B","Off","2","Equal damage",0,1
"919",8404,"I26","H1","B","Off","2","A",0,1
"920",8290,"I26","H1","B","Off","2","A",0,1
"921",8470,"I26","H1","B","Off","2","B",1,1
"922",6781,"I26","H1","B","Off","2","B",1,1
"923",8446,"I26","H1","B","Off","2","B",1,1
"924",8659,"I26","H1","B","Off","2","A",0,1
"925",8361,"I26","H1","B","Off","2","A",0,1
"926",8654,"I26","H1","B","Off","2","Equal damage",0,1
"927",8350,"I26","H1","B","Off","2","A",0,1
"928",8393,"I26","H1","B","Off","2","A",0,1
"929",7548,"I26","H1","B","Off","2","Equal damage",0,1
"930",5927,"I26","H1","B","Off","2","Equal damage",0,1
"931",8389,"I26","H1","B","Off","2","A",0,1
"932",8328,"I26","H1","B","Off","2","B",1,1
"933",8216,"I26","H1","B","Off","2","A",0,1
"934",8552,"I26","H1","B","Off","2","A",0,1
"935",6942,"I26","H1","B","Off","2","A",0,1
"936",NA,"I26","H1","B","Off","2","",0,1
"937",8329,"I27","H1","B","Off","2","Equal damage",0,1
"938",8263,"I27","H1","B","Off","2","A",0,1
"939",8372,"I27","H1","B","Off","2","B",1,1
"940",6767,"I27","H1","B","Off","2","B",1,1
"941",8519,"I27","H1","B","Off","2","A",0,1
"942",8281,"I27","H1","B","Off","2","B",1,1
"943",5971,"I27","H1","B","Off","2","A",0,1
"944",8554,"I27","H1","B","Off","2","A",0,1
"945",8536,"I27","H1","B","Off","2","B",1,1
"946",8108,"I27","H1","B","Off","2","B",1,1
"947",5766,"I27","H1","B","Off","2","Equal damage",0,1
"948",8556,"I27","H1","B","Off","2","A",0,1
"949",8103,"I27","H1","B","Off","2","A",0,1
"950",6402,"I27","H1","B","Off","2","A",0,1
"951",8312,"I27","H1","B","Off","2","Equal damage",0,1
"952",7699,"I27","H1","B","Off","2","B",1,1
"953",8577,"I27","H1","B","Off","2","Equal damage",0,1
"954",6035,"I27","H1","B","Off","2","Equal damage",0,1
"955",8404,"I27","H1","B","Off","2","A",0,1
"956",8290,"I27","H1","B","Off","2","A",0,1
"957",8470,"I27","H1","B","Off","2","A",0,1
"958",6781,"I27","H1","B","Off","2","B",1,1
"959",8446,"I27","H1","B","Off","2","B",1,1
"960",8659,"I27","H1","B","Off","2","A",0,1
"961",8361,"I27","H1","B","Off","2","B",1,1
"962",8654,"I27","H1","B","Off","2","Equal damage",0,1
"963",8350,"I27","H1","B","Off","2","A",0,1
"964",8393,"I27","H1","B","Off","2","A",0,1
"965",7548,"I27","H1","B","Off","2","Equal damage",0,1
"966",5927,"I27","H1","B","Off","2","A",0,1
"967",8389,"I27","H1","B","Off","2","B",1,1
"968",8328,"I27","H1","B","Off","2","B",1,1
"969",8216,"I27","H1","B","Off","2","A",0,1
"970",8552,"I27","H1","B","Off","2","A",0,1
"971",6942,"I27","H1","B","Off","2","A",0,1
"972",NA,"I27","H1","B","Off","2","",0,1
"973",8329,"I28","H1","A","Off","2","Equal damage",0,1
"974",8263,"I28","H1","A","Off","2","A",1,1
"975",8372,"I28","H1","A","Off","2","A",1,1
"976",6767,"I28","H1","A","Off","2","Equal damage",0,1
"977",8519,"I28","H1","A","Off","2","B",0,1
"978",8281,"I28","H1","A","Off","2","A",1,1
"979",5971,"I28","H1","A","Off","2","B",0,1
"980",8554,"I28","H1","A","Off","2","B",0,1
"981",8536,"I28","H1","A","Off","2","A",1,1
"982",8108,"I28","H1","A","Off","2","Equal damage",0,1
"983",5766,"I28","H1","A","Off","2","Equal damage",0,1
"984",8556,"I28","H1","A","Off","2","B",0,1
"985",8103,"I28","H1","A","Off","2","B",0,1
"986",6402,"I28","H1","A","Off","2","B",0,1
"987",8312,"I28","H1","A","Off","2","Equal damage",0,1
"988",7699,"I28","H1","A","Off","2","Equal damage",0,1
"989",8577,"I28","H1","A","Off","2","A",1,1
"990",6035,"I28","H1","A","Off","2","Equal damage",0,1
"991",8404,"I28","H1","A","Off","2","Equal damage",0,1
"992",8290,"I28","H1","A","Off","2","B",0,1
"993",8470,"I28","H1","A","Off","2","B",0,1
"994",6781,"I28","H1","A","Off","2","A",1,1
"995",8446,"I28","H1","A","Off","2","A",1,1
"996",8659,"I28","H1","A","Off","2","B",0,1
"997",8361,"I28","H1","A","Off","2","A",1,1
"998",8654,"I28","H1","A","Off","2","A",1,1
"999",8350,"I28","H1","A","Off","2","B",0,1
"1000",8393,"I28","H1","A","Off","2","B",0,1
"1001",7548,"I28","H1","A","Off","2","Equal damage",0,1
"1002",5927,"I28","H1","A","Off","2","A",1,1
"1003",8389,"I28","H1","A","Off","2","B",0,1
"1004",8328,"I28","H1","A","Off","2","A",1,1
"1005",8216,"I28","H1","A","Off","2","B",0,1
"1006",8552,"I28","H1","A","Off","2","B",0,1
"1007",6942,"I28","H1","A","Off","2","B",0,1
"1008",NA,"I28","H1","A","Off","2","",0,1
"1009",8329,"I29","H1","B","On","2","B",1,0
"1010",8263,"I29","H1","B","On","2","B",1,0
"1011",8372,"I29","H1","B","On","2","B",1,0
"1012",6767,"I29","H1","B","On","2","B",1,0
"1013",8519,"I29","H1","B","On","2","B",1,0
"1014",8281,"I29","H1","B","On","2","B",1,0
"1015",5971,"I29","H1","B","On","2","B",1,0
"1016",8554,"I29","H1","B","On","2","B",1,0
"1017",8536,"I29","H1","B","On","2","B",1,0
"1018",8108,"I29","H1","B","On","2","B",1,0
"1019",5766,"I29","H1","B","On","2","B",1,0
"1020",8556,"I29","H1","B","On","2","B",1,0
"1021",8103,"I29","H1","B","On","2","B",1,0
"1022",6402,"I29","H1","B","On","2","B",1,0
"1023",8312,"I29","H1","B","On","2","B",1,0
"1024",7699,"I29","H1","B","On","2","B",1,0
"1025",8577,"I29","H1","B","On","2","B",1,0
"1026",6035,"I29","H1","B","On","2","Equal damage",0,0
"1027",8404,"I29","H1","B","On","2","B",1,0
"1028",8290,"I29","H1","B","On","2","B",1,0
"1029",8470,"I29","H1","B","On","2","B",1,0
"1030",6781,"I29","H1","B","On","2","B",1,0
"1031",8446,"I29","H1","B","On","2","B",1,0
"1032",8659,"I29","H1","B","On","2","B",1,0
"1033",8361,"I29","H1","B","On","2","B",1,0
"1034",8654,"I29","H1","B","On","2","Equal damage",0,0
"1035",8350,"I29","H1","B","On","2","B",1,0
"1036",8393,"I29","H1","B","On","2","B",1,0
"1037",7548,"I29","H1","B","On","2","Equal damage",0,0
"1038",5927,"I29","H1","B","On","2","Equal damage",0,0
"1039",8389,"I29","H1","B","On","2","A",0,0
"1040",8328,"I29","H1","B","On","2","B",1,0
"1041",8216,"I29","H1","B","On","2","B",1,0
"1042",8552,"I29","H1","B","On","2","B",1,0
"1043",6942,"I29","H1","B","On","2","B",1,0
"1044",NA,"I29","H1","B","On","2","",0,0
"1045",8329,"I30","H1","A","On","2","A",1,0
"1046",8263,"I30","H1","A","On","2","A",1,0
"1047",8372,"I30","H1","A","On","2","A",1,0
"1048",6767,"I30","H1","A","On","2","A",1,0
"1049",8519,"I30","H1","A","On","2","A",1,0
"1050",8281,"I30","H1","A","On","2","A",1,0
"1051",5971,"I30","H1","A","On","2","A",1,0
"1052",8554,"I30","H1","A","On","2","A",1,0
"1053",8536,"I30","H1","A","On","2","A",1,0
"1054",8108,"I30","H1","A","On","2","A",1,0
"1055",5766,"I30","H1","A","On","2","A",1,0
"1056",8556,"I30","H1","A","On","2","A",1,0
"1057",8103,"I30","H1","A","On","2","A",1,0
"1058",6402,"I30","H1","A","On","2","A",1,0
"1059",8312,"I30","H1","A","On","2","A",1,0
"1060",7699,"I30","H1","A","On","2","A",1,0
"1061",8577,"I30","H1","A","On","2","Equal damage",0,0
"1062",6035,"I30","H1","A","On","2","Equal damage",0,0
"1063",8404,"I30","H1","A","On","2","A",1,0
"1064",8290,"I30","H1","A","On","2","A",1,0
"1065",8470,"I30","H1","A","On","2","A",1,0
"1066",6781,"I30","H1","A","On","2","A",1,0
"1067",8446,"I30","H1","A","On","2","A",1,0
"1068",8659,"I30","H1","A","On","2","A",1,0
"1069",8361,"I30","H1","A","On","2","A",1,0
"1070",8654,"I30","H1","A","On","2","A",1,0
"1071",8350,"I30","H1","A","On","2","A",1,0
"1072",8393,"I30","H1","A","On","2","A",1,0
"1073",7548,"I30","H1","A","On","2","A",1,0
"1074",5927,"I30","H1","A","On","2","A",1,0
"1075",8389,"I30","H1","A","On","2","A",1,0
"1076",8328,"I30","H1","A","On","2","A",1,0
"1077",8216,"I30","H1","A","On","2","A",1,0
"1078",8552,"I30","H1","A","On","2","A",1,0
"1079",6942,"I30","H1","A","On","2","A",1,0
"1080",NA,"I30","H1","A","On","2","",0,0
"1081",8329,"I31","H1","A","On","2","Equal damage",0,0
"1082",8263,"I31","H1","A","On","2","A",1,0
"1083",8372,"I31","H1","A","On","2","A",1,0
"1084",6767,"I31","H1","A","On","2","A",1,0
"1085",8519,"I31","H1","A","On","2","A",1,0
"1086",8281,"I31","H1","A","On","2","A",1,0
"1087",5971,"I31","H1","A","On","2","A",1,0
"1088",8554,"I31","H1","A","On","2","A",1,0
"1089",8536,"I31","H1","A","On","2","A",1,0
"1090",8108,"I31","H1","A","On","2","Equal damage",0,0
"1091",5766,"I31","H1","A","On","2","A",1,0
"1092",8556,"I31","H1","A","On","2","A",1,0
"1093",8103,"I31","H1","A","On","2","A",1,0
"1094",6402,"I31","H1","A","On","2","A",1,0
"1095",8312,"I31","H1","A","On","2","A",1,0
"1096",7699,"I31","H1","A","On","2","A",1,0
"1097",8577,"I31","H1","A","On","2","A",1,0
"1098",6035,"I31","H1","A","On","2","Equal damage",0,0
"1099",8404,"I31","H1","A","On","2","A",1,0
"1100",8290,"I31","H1","A","On","2","A",1,0
"1101",8470,"I31","H1","A","On","2","A",1,0
"1102",6781,"I31","H1","A","On","2","A",1,0
"1103",8446,"I31","H1","A","On","2","A",1,0
"1104",8659,"I31","H1","A","On","2","A",1,0
"1105",8361,"I31","H1","A","On","2","A",1,0
"1106",8654,"I31","H1","A","On","2","Equal damage",0,0
"1107",8350,"I31","H1","A","On","2","A",1,0
"1108",8393,"I31","H1","A","On","2","A",1,0
"1109",7548,"I31","H1","A","On","2","Equal damage",0,0
"1110",5927,"I31","H1","A","On","2","A",1,0
"1111",8389,"I31","H1","A","On","2","Equal damage",0,0
"1112",8328,"I31","H1","A","On","2","A",1,0
"1113",8216,"I31","H1","A","On","2","A",1,0
"1114",8552,"I31","H1","A","On","2","A",1,0
"1115",6942,"I31","H1","A","On","2","A",1,0
"1116",NA,"I31","H1","A","On","2","",0,0
"1117",8329,"I32","H1","B","On","2","B",1,0
"1118",8263,"I32","H1","B","On","2","B",1,0
"1119",8372,"I32","H1","B","On","2","B",1,0
"1120",6767,"I32","H1","B","On","2","B",1,0
"1121",8519,"I32","H1","B","On","2","B",1,0
"1122",8281,"I32","H1","B","On","2","B",1,0
"1123",5971,"I32","H1","B","On","2","B",1,0
"1124",8554,"I32","H1","B","On","2","B",1,0
"1125",8536,"I32","H1","B","On","2","B",1,0
"1126",8108,"I32","H1","B","On","2","B",1,0
"1127",5766,"I32","H1","B","On","2","B",1,0
"1128",8556,"I32","H1","B","On","2","B",1,0
"1129",8103,"I32","H1","B","On","2","B",1,0
"1130",6402,"I32","H1","B","On","2","B",1,0
"1131",8312,"I32","H1","B","On","2","B",1,0
"1132",7699,"I32","H1","B","On","2","B",1,0
"1133",8577,"I32","H1","B","On","2","B",1,0
"1134",6035,"I32","H1","B","On","2","B",1,0
"1135",8404,"I32","H1","B","On","2","B",1,0
"1136",8290,"I32","H1","B","On","2","B",1,0
"1137",8470,"I32","H1","B","On","2","B",1,0
"1138",6781,"I32","H1","B","On","2","B",1,0
"1139",8446,"I32","H1","B","On","2","B",1,0
"1140",8659,"I32","H1","B","On","2","B",1,0
"1141",8361,"I32","H1","B","On","2","B",1,0
"1142",8654,"I32","H1","B","On","2","B",1,0
"1143",8350,"I32","H1","B","On","2","B",1,0
"1144",8393,"I32","H1","B","On","2","B",1,0
"1145",7548,"I32","H1","B","On","2","B",1,0
"1146",5927,"I32","H1","B","On","2","B",1,0
"1147",8389,"I32","H1","B","On","2","B",1,0
"1148",8328,"I32","H1","B","On","2","B",1,0
"1149",8216,"I32","H1","B","On","2","B",1,0
"1150",8552,"I32","H1","B","On","2","B",1,0
"1151",6942,"I32","H1","B","On","2","B",1,0
"1152",NA,"I32","H1","B","On","2","",0,0
